time,time_sim,age_sim,hour_sim,arm_selected,reward
2024-01-20 23:07:48,2024-01-21 17:00:06,69,17,option1,0
2024-01-20 23:07:49,2024-01-21 13:00:01,43,13,option3,1
2024-01-20 23:07:50,2024-01-22 02:00:55,16,2,option1,1
2024-01-20 23:07:50,2024-01-21 19:00:54,90,19,option1,0
2024-01-20 23:07:51,2024-01-22 01:00:18,46,1,option3,1
2024-01-20 23:07:51,2024-01-21 17:00:53,83,17,option2,0
2024-01-20 23:07:52,2024-01-21 09:00:49,52,9,option3,0
2024-01-20 23:07:52,2024-01-21 18:00:45,31,18,option1,0
2024-01-20 23:07:53,2024-01-22 03:00:10,65,3,option3,1
2024-01-20 23:07:54,2024-01-21 23:00:46,104,23,option2,0
2024-01-20 23:07:54,2024-01-22 02:00:25,78,2,option3,1
2024-01-20 23:07:55,2024-01-21 11:00:11,28,11,option3,1
2024-01-20 23:07:55,2024-01-21 01:00:17,99,1,option1,0
2024-01-20 23:07:56,2024-01-21 17:00:35,19,17,option3,0
2024-01-20 23:07:57,2024-01-21 16:00:08,85,16,option2,0
2024-01-20 23:07:57,2024-01-22 04:00:02,101,4,option3,1
2024-01-20 23:07:58,2024-01-21 16:00:12,84,16,option3,1
2024-01-20 23:07:58,2024-01-22 07:00:07,38,7,option3,1
2024-01-20 23:07:59,2024-01-21 10:00:16,75,10,option3,1
2024-01-20 23:07:59,2024-01-22 13:00:46,27,13,option3,1
2024-01-20 23:08:00,2024-01-22 13:00:01,113,13,option1,0
2024-01-20 23:08:01,2024-01-22 04:00:37,54,4,option3,1
2024-01-20 23:08:01,2024-01-22 10:00:52,98,10,option3,0
2024-01-20 23:08:02,2024-01-21 09:00:49,41,9,option2,0
2024-01-20 23:08:02,2024-01-21 21:00:20,10,21,option2,0
2024-01-20 23:08:03,2024-01-22 04:00:45,39,4,option2,0
2024-01-20 23:08:03,2024-01-22 06:00:51,34,6,option1,0
2024-01-20 23:08:04,2024-01-22 10:00:37,114,10,option2,0
2024-01-20 23:08:04,2024-01-22 02:00:10,111,2,option3,1
2024-01-20 23:08:05,2024-01-22 03:00:18,39,3,option2,0
2024-01-20 23:08:05,2024-01-21 21:00:47,5,21,option3,0
2024-01-20 23:08:06,2024-01-22 02:00:06,0,2,option2,0
2024-01-20 23:08:06,2024-01-22 06:00:14,24,6,option1,1
2024-01-20 23:08:07,2024-01-21 17:00:10,98,17,option1,0
2024-01-20 23:08:08,2024-01-22 02:00:45,36,2,option3,1
2024-01-20 23:08:08,2024-01-21 21:00:21,114,21,option2,0
2024-01-20 23:08:09,2024-01-21 06:00:03,77,6,option1,0
2024-01-20 23:08:09,2024-01-22 07:00:16,15,7,option1,0
2024-01-20 23:08:10,2024-01-21 21:00:22,88,21,option3,1
2024-01-20 23:08:10,2024-01-21 19:00:11,38,19,option3,1
2024-01-20 23:08:10,2024-01-21 09:00:39,60,9,option3,0
2024-01-20 23:08:11,2024-01-21 18:00:42,19,18,option2,1
2024-01-20 23:08:12,2024-01-21 17:00:42,8,17,option1,0
2024-01-20 23:08:12,2024-01-22 02:00:25,58,2,option3,1
2024-01-20 23:08:13,2024-01-21 13:00:06,118,13,option2,0
2024-01-20 23:08:13,2024-01-22 02:00:04,20,2,option1,1
2024-01-20 23:08:14,2024-01-21 08:00:30,92,8,option3,0
2024-01-20 23:08:15,2024-01-22 14:00:51,119,14,option3,1
2024-01-20 23:08:15,2024-01-21 23:00:41,19,23,option2,0
2024-01-20 23:08:16,2024-01-22 07:00:18,28,7,option3,1
2024-01-20 23:08:16,2024-01-22 00:00:07,89,0,option3,1
2024-01-20 23:08:16,2024-01-21 14:00:05,78,14,option3,1
2024-01-20 23:08:17,2024-01-22 01:00:32,87,1,option3,1
2024-01-20 23:08:18,2024-01-21 14:00:20,46,14,option3,1
2024-01-20 23:08:18,2024-01-21 17:00:35,102,17,option1,0
2024-01-20 23:08:19,2024-01-22 18:00:17,31,18,option3,1
2024-01-20 23:08:19,2024-01-21 18:00:23,39,18,option2,0
2024-01-20 23:08:20,2024-01-22 01:00:36,89,1,option1,0
2024-01-20 23:08:20,2024-01-21 20:00:33,109,20,option1,0
2024-01-20 23:08:21,2024-01-21 18:00:29,98,18,option2,0
2024-01-20 23:08:21,2024-01-22 04:00:42,22,4,option3,0
2024-01-20 23:08:22,2024-01-21 19:00:37,93,19,option3,1
2024-01-20 23:08:22,2024-01-21 08:00:54,101,8,option1,0
2024-01-20 23:08:23,2024-01-22 11:00:55,32,11,option3,1
2024-01-20 23:08:23,2024-01-21 16:00:12,12,16,option1,1
2024-01-20 23:08:24,2024-01-21 07:00:00,105,7,option3,1
2024-01-20 23:08:24,2024-01-21 07:00:24,113,7,option3,1
2024-01-20 23:08:25,2024-01-22 03:00:24,29,3,option3,1
2024-01-20 23:08:25,2024-01-21 23:00:47,65,23,option1,0
2024-01-20 23:08:26,2024-01-21 21:00:17,117,21,option3,1
2024-01-20 23:08:26,2024-01-22 14:00:46,9,14,option1,1
2024-01-20 23:08:27,2024-01-22 04:00:15,62,4,option3,1
2024-01-20 23:08:27,2024-01-21 16:00:41,16,16,option1,0
2024-01-20 23:08:28,2024-01-21 03:00:00,83,3,option3,1
2024-01-20 23:08:29,2024-01-21 21:00:03,103,21,option3,0
2024-01-20 23:08:29,2024-01-21 07:00:30,26,7,option1,0
2024-01-20 23:08:30,2024-01-22 05:00:53,64,5,option3,1
2024-01-20 23:08:30,2024-01-21 06:00:14,26,6,option3,1
2024-01-20 23:08:31,2024-01-21 13:00:12,60,13,option3,1
2024-01-20 23:08:31,2024-01-21 19:00:08,103,19,option2,0
2024-01-20 23:08:32,2024-01-21 17:00:20,40,17,option3,1
2024-01-20 23:08:33,2024-01-22 06:00:37,113,6,option3,1
2024-01-20 23:08:33,2024-01-21 23:00:37,97,23,option2,0
2024-01-20 23:08:34,2024-01-21 21:00:14,68,21,option1,0
2024-01-20 23:08:34,2024-01-22 03:00:18,1,3,option2,0
2024-01-20 23:08:35,2024-01-22 14:00:36,100,14,option3,0
2024-01-20 23:08:35,2024-01-21 02:00:27,17,2,option2,0
2024-01-20 23:08:36,2024-01-21 07:00:19,49,7,option1,0
2024-01-20 23:08:36,2024-01-22 09:00:21,22,9,option1,0
2024-01-20 23:08:37,2024-01-22 05:00:43,13,5,option1,0
2024-01-20 23:08:37,2024-01-22 04:00:00,34,4,option1,0
2024-01-20 23:08:38,2024-01-22 01:00:02,64,1,option1,0
2024-01-20 23:08:39,2024-01-22 01:00:29,113,1,option3,1
2024-01-20 23:08:40,2024-01-21 17:00:51,17,17,option2,1
2024-01-20 23:08:40,2024-01-21 12:00:30,105,12,option2,0
2024-01-20 23:08:41,2024-01-21 23:00:26,62,23,option2,0
2024-01-20 23:08:41,2024-01-21 17:00:18,109,17,option3,1
2024-01-20 23:08:42,2024-01-21 21:00:27,63,21,option3,1
2024-01-20 23:08:43,2024-01-21 07:00:29,35,7,option3,1
2024-01-20 23:08:43,2024-01-22 09:00:33,101,9,option1,0
2024-01-20 23:08:44,2024-01-22 14:00:01,8,14,option3,0
2024-01-20 23:08:45,2024-01-22 07:00:23,21,7,option3,0
2024-01-20 23:08:45,2024-01-22 07:00:53,63,7,option2,0
2024-01-20 23:08:46,2024-01-22 11:00:54,39,11,option3,1
2024-01-20 23:08:46,2024-01-22 11:00:09,97,11,option3,1
2024-01-20 23:08:47,2024-01-21 23:00:53,69,23,option3,1
2024-01-20 23:08:47,2024-01-21 22:00:02,0,22,option3,0
2024-01-20 23:08:48,2024-01-22 02:00:11,39,2,option3,1
2024-01-20 23:08:48,2024-01-22 22:00:10,39,22,option1,1
2024-01-20 23:08:49,2024-01-22 03:00:27,114,3,option3,1
2024-01-20 23:08:49,2024-01-22 10:00:13,26,10,option3,1
2024-01-20 23:08:49,2024-01-22 02:00:17,112,2,option3,1
2024-01-20 23:08:50,2024-01-21 08:00:41,75,8,option3,0
2024-01-20 23:08:50,2024-01-22 16:00:10,55,16,option3,1
2024-01-20 23:08:51,2024-01-21 07:00:06,99,7,option1,0
2024-01-20 23:08:52,2024-01-22 18:00:11,7,18,option1,1
2024-01-20 23:08:52,2024-01-21 09:00:01,97,9,option1,0
2024-01-20 23:08:53,2024-01-22 01:00:44,16,1,option1,1
2024-01-20 23:08:53,2024-01-22 10:00:18,109,10,option2,0
2024-01-20 23:08:54,2024-01-21 23:00:49,3,23,option1,0
2024-01-20 23:08:54,2024-01-21 15:00:35,92,15,option3,1
2024-01-20 23:08:55,2024-01-22 00:00:53,11,0,option3,0
2024-01-20 23:08:55,2024-01-22 10:00:29,33,10,option3,1
2024-01-20 23:08:55,2024-01-22 09:00:05,25,9,option1,0
2024-01-20 23:08:56,2024-01-21 06:00:06,68,6,option1,0
2024-01-20 23:08:57,2024-01-21 14:00:47,55,14,option1,0
2024-01-20 23:08:57,2024-01-22 04:00:41,50,4,option1,0
2024-01-20 23:08:58,2024-01-21 20:00:44,100,20,option1,0
2024-01-20 23:08:58,2024-01-21 15:00:31,65,15,option1,0
2024-01-20 23:08:59,2024-01-21 23:00:06,99,23,option3,0
2024-01-20 23:08:59,2024-01-22 07:00:14,66,7,option2,0
2024-01-20 23:09:00,2024-01-21 12:00:30,96,12,option2,0
2024-01-20 23:09:00,2024-01-22 07:00:45,20,7,option1,0
2024-01-20 23:09:01,2024-01-21 17:00:47,66,17,option3,1
2024-01-20 23:09:01,2024-01-21 19:00:38,115,19,option3,1
2024-01-20 23:09:02,2024-01-21 16:00:42,46,16,option3,1
2024-01-20 23:09:03,2024-01-21 17:00:11,67,17,option3,1
2024-01-20 23:09:03,2024-01-21 19:00:00,1,19,option1,0
2024-01-20 23:09:04,2024-01-22 13:00:56,108,13,option2,0
2024-01-20 23:09:04,2024-01-21 17:00:13,4,17,option3,0
2024-01-20 23:09:05,2024-01-22 14:00:55,5,14,option3,1
2024-01-20 23:09:05,2024-01-21 13:00:05,81,13,option3,0
2024-01-20 23:09:06,2024-01-21 06:00:08,114,6,option2,0
2024-01-20 23:09:07,2024-01-21 17:00:38,20,17,option2,0
2024-01-20 23:09:07,2024-01-22 08:00:43,11,8,option1,1
2024-01-20 23:09:08,2024-01-22 02:00:17,111,2,option3,1
2024-01-20 23:09:09,2024-01-21 06:00:42,27,6,option1,0
2024-01-20 23:09:09,2024-01-21 20:00:50,15,20,option1,0
2024-01-20 23:09:10,2024-01-22 07:00:26,85,7,option3,0
2024-01-20 23:09:10,2024-01-22 00:00:46,85,0,option3,1
2024-01-20 23:09:11,2024-01-22 00:00:58,60,0,option3,1
2024-01-20 23:09:11,2024-01-21 18:00:50,82,18,option3,1
2024-01-20 23:09:12,2024-01-21 21:00:46,39,21,option1,0
2024-01-20 23:09:12,2024-01-22 08:00:06,15,8,option1,0
2024-01-20 23:09:13,2024-01-21 22:00:09,45,22,option3,1
2024-01-20 23:09:13,2024-01-21 22:00:57,82,22,option1,0
2024-01-20 23:09:14,2024-01-21 13:00:16,32,13,option3,1
2024-01-20 23:09:14,2024-01-21 18:00:19,63,18,option3,0
2024-01-20 23:09:15,2024-01-21 10:00:16,102,10,option1,0
2024-01-20 23:09:15,2024-01-22 00:00:32,108,0,option3,1
2024-01-20 23:09:16,2024-01-21 11:00:27,1,11,option3,0
2024-01-20 23:09:16,2024-01-21 16:00:20,83,16,option3,1
2024-01-20 23:09:17,2024-01-21 14:00:31,90,14,option2,0
2024-01-20 23:09:18,2024-01-21 08:00:58,3,8,option2,0
2024-01-20 23:09:18,2024-01-22 04:00:59,96,4,option3,1
2024-01-20 23:09:19,2024-01-22 04:00:10,10,4,option1,0
2024-01-20 23:09:20,2024-01-21 18:00:05,116,18,option1,0
2024-01-20 23:09:20,2024-01-22 01:00:15,37,1,option3,1
2024-01-20 23:09:21,2024-01-21 14:00:44,66,14,option1,0
2024-01-20 23:09:21,2024-01-22 14:00:01,5,14,option1,1
2024-01-20 23:09:22,2024-01-22 03:00:44,0,3,option1,1
2024-01-20 23:09:23,2024-01-21 17:00:59,89,17,option3,1
2024-01-20 23:09:23,2024-01-21 13:00:25,47,13,option3,1
2024-01-20 23:09:24,2024-01-21 20:00:02,0,20,option1,1
2024-01-20 23:09:24,2024-01-22 00:00:20,47,0,option3,1
2024-01-20 23:09:25,2024-01-21 11:00:34,50,11,option3,1
2024-01-20 23:09:26,2024-01-22 03:00:29,62,3,option1,0
2024-01-20 23:09:26,2024-01-22 02:00:15,9,2,option1,1
2024-01-20 23:09:27,2024-01-21 04:00:21,96,4,option3,1
2024-01-20 23:09:28,2024-01-21 20:00:58,112,20,option1,0
2024-01-20 23:09:29,2024-01-21 07:00:28,66,7,option3,1
2024-01-20 23:09:29,2024-01-21 09:00:14,109,9,option2,0
2024-01-20 23:09:30,2024-01-22 03:00:36,88,3,option2,0
2024-01-20 23:09:30,2024-01-21 09:00:44,76,9,option3,0
2024-01-20 23:09:31,2024-01-22 02:00:20,18,2,option2,0
2024-01-20 23:09:32,2024-01-22 12:00:02,20,12,option3,0
2024-01-20 23:09:32,2024-01-21 03:00:27,31,3,option2,0
2024-01-20 23:09:33,2024-01-22 04:00:44,100,4,option3,1
2024-01-20 23:09:33,2024-01-22 06:00:02,71,6,option3,1
2024-01-20 23:09:34,2024-01-22 06:00:26,74,6,option3,1
2024-01-20 23:09:34,2024-01-22 01:00:45,112,1,option3,1
2024-01-20 23:09:35,2024-01-22 02:00:32,67,2,option3,1
2024-01-20 23:09:35,2024-01-21 04:00:10,38,4,option3,1
2024-01-20 23:09:36,2024-01-21 12:00:25,97,12,option2,0
2024-01-20 23:09:36,2024-01-21 04:00:58,95,4,option2,0
2024-01-20 23:09:37,2024-01-22 07:00:33,104,7,option3,0
2024-01-20 23:09:37,2024-01-22 13:00:45,44,13,option1,0
2024-01-20 23:09:38,2024-01-22 06:00:37,0,6,option1,1
2024-01-20 23:09:38,2024-01-21 16:00:47,24,16,option3,0
2024-01-20 23:09:39,2024-01-21 19:00:58,95,19,option2,0
2024-01-20 23:09:40,2024-01-21 10:00:07,58,10,option3,1
2024-01-20 23:09:40,2024-01-21 15:00:43,24,15,option3,0
2024-01-20 23:09:41,2024-01-21 15:00:24,67,15,option3,1
2024-01-20 23:09:41,2024-01-22 12:00:27,70,12,option3,1
2024-01-20 23:09:42,2024-01-21 17:00:00,20,17,option1,0
2024-01-20 23:09:42,2024-01-21 11:00:35,75,11,option3,1
2024-01-20 23:09:43,2024-01-21 21:00:45,51,21,option3,1
2024-01-20 23:09:43,2024-01-21 12:00:14,65,12,option3,1
2024-01-20 23:09:44,2024-01-21 23:00:43,72,23,option3,1
2024-01-20 23:09:45,2024-01-22 12:00:40,34,12,option1,0
2024-01-20 23:09:46,2024-01-21 16:00:12,82,16,option3,1
2024-01-20 23:09:46,2024-01-21 22:00:09,45,22,option3,1
2024-01-20 23:09:47,2024-01-22 14:00:25,96,14,option3,0
2024-01-20 23:09:47,2024-01-22 06:00:04,37,6,option3,1
2024-01-20 23:09:48,2024-01-22 12:00:21,104,12,option1,0
2024-01-20 23:09:48,2024-01-21 22:00:19,103,22,option2,0
2024-01-20 23:09:49,2024-01-21 23:00:38,9,23,option1,1
2024-01-20 23:09:49,2024-01-22 18:00:05,112,18,option3,1
2024-01-20 23:09:50,2024-01-22 07:00:30,20,7,option1,0
2024-01-20 23:09:50,2024-01-21 15:00:32,73,15,option2,1
2024-01-20 23:09:51,2024-01-21 03:00:15,39,3,option3,1
2024-01-20 23:09:51,2024-01-22 01:00:43,17,1,option3,0
2024-01-20 23:09:52,2024-01-22 03:00:47,118,3,option1,0
2024-01-20 23:09:52,2024-01-21 11:00:34,54,11,option2,0
2024-01-20 23:09:53,2024-01-22 00:00:31,57,0,option3,1
2024-01-20 23:09:54,2024-01-21 16:00:02,54,16,option3,1
2024-01-20 23:09:54,2024-01-22 17:00:22,87,17,option3,1
2024-01-20 23:09:55,2024-01-22 03:00:01,64,3,option3,1
2024-01-20 23:09:55,2024-01-22 17:00:04,87,17,option3,1
2024-01-20 23:09:56,2024-01-22 13:00:52,46,13,option3,1
2024-01-20 23:09:56,2024-01-21 04:00:54,110,4,option1,0
2024-01-20 23:09:57,2024-01-22 04:00:28,7,4,option3,0
2024-01-20 23:09:57,2024-01-21 17:00:57,100,17,option1,0
2024-01-20 23:09:58,2024-01-21 14:00:48,4,14,option1,1
2024-01-20 23:09:58,2024-01-22 04:00:10,46,4,option3,1
2024-01-20 23:09:59,2024-01-22 09:00:38,70,9,option3,1
2024-01-20 23:09:59,2024-01-21 16:00:49,63,16,option3,1
2024-01-20 23:10:00,2024-01-22 06:00:56,46,6,option3,1
2024-01-20 23:10:01,2024-01-21 15:00:48,60,15,option3,1
2024-01-20 23:10:01,2024-01-21 20:00:06,63,20,option3,1
2024-01-20 23:10:02,2024-01-21 23:00:49,8,23,option1,1
2024-01-20 23:10:02,2024-01-21 14:00:28,76,14,option1,0
2024-01-20 23:10:03,2024-01-21 22:00:38,100,22,option3,1
2024-01-20 23:10:03,2024-01-21 11:00:20,0,11,option1,1
2024-01-20 23:10:04,2024-01-21 21:00:38,94,21,option3,1
2024-01-20 23:10:04,2024-01-22 00:00:20,66,0,option1,0
2024-01-20 23:10:05,2024-01-21 14:00:20,16,14,option1,0
2024-01-20 23:10:05,2024-01-21 20:00:36,80,20,option3,0
2024-01-20 23:10:06,2024-01-22 01:00:54,60,1,option3,1
2024-01-20 23:10:06,2024-01-22 17:00:45,17,17,option2,0
2024-01-20 23:10:07,2024-01-22 04:00:06,101,4,option1,0
2024-01-20 23:10:07,2024-01-21 15:00:31,91,15,option3,1
2024-01-20 23:10:08,2024-01-21 08:00:21,55,8,option3,0
2024-01-20 23:10:08,2024-01-22 12:00:54,80,12,option3,1
2024-01-20 23:10:09,2024-01-21 10:00:56,11,10,option3,0
2024-01-20 23:10:09,2024-01-21 10:00:41,98,10,option3,1
2024-01-20 23:10:10,2024-01-22 03:00:36,89,3,option1,0
2024-01-20 23:10:10,2024-01-22 10:00:03,87,10,option2,0
2024-01-20 23:10:11,2024-01-21 19:00:34,90,19,option3,1
2024-01-20 23:10:11,2024-01-21 21:00:00,40,21,option3,1
2024-01-20 23:10:12,2024-01-22 06:00:50,89,6,option3,1
2024-01-20 23:10:12,2024-01-22 00:00:48,81,0,option3,1
2024-01-20 23:10:13,2024-01-21 16:00:40,42,16,option1,0
2024-01-20 23:10:13,2024-01-21 14:00:47,35,14,option2,0
2024-01-20 23:10:14,2024-01-21 22:00:51,114,22,option1,0
2024-01-20 23:10:14,2024-01-22 06:00:31,105,6,option3,1
2024-01-20 23:10:15,2024-01-22 08:00:03,80,8,option3,0
2024-01-20 23:10:16,2024-01-22 11:00:37,6,11,option1,0
2024-01-20 23:10:16,2024-01-22 06:00:31,1,6,option1,1
2024-01-20 23:10:17,2024-01-22 01:00:24,107,1,option3,1
2024-01-20 23:10:18,2024-01-21 20:00:21,45,20,option2,0
2024-01-20 23:10:18,2024-01-21 08:00:55,42,8,option3,1
2024-01-20 23:10:19,2024-01-21 20:00:53,49,20,option3,1
2024-01-20 23:10:20,2024-01-22 12:00:17,10,12,option1,1
2024-01-20 23:10:20,2024-01-21 16:00:33,67,16,option3,1
2024-01-20 23:10:21,2024-01-22 00:00:51,90,0,option1,0
2024-01-20 23:10:21,2024-01-21 23:00:11,15,23,option3,0
2024-01-20 23:10:22,2024-01-22 13:00:14,41,13,option1,0
2024-01-20 23:10:23,2024-01-22 07:00:10,91,7,option3,0
2024-01-20 23:10:23,2024-01-22 12:00:39,105,12,option3,1
2024-01-20 23:10:24,2024-01-22 08:00:52,95,8,option3,1
2024-01-20 23:10:25,2024-01-21 09:00:01,117,9,option3,1
2024-01-20 23:10:25,2024-01-21 16:00:02,110,16,option3,1
2024-01-20 23:10:26,2024-01-21 14:00:32,63,14,option3,1
2024-01-20 23:10:26,2024-01-21 06:00:10,66,6,option3,1
2024-01-20 23:10:27,2024-01-22 00:00:32,52,0,option3,1
2024-01-20 23:10:28,2024-01-22 06:00:14,44,6,option3,1
2024-01-20 23:10:28,2024-01-22 17:00:19,87,17,option3,1
2024-01-20 23:10:29,2024-01-22 05:00:59,98,5,option3,0
2024-01-20 23:10:30,2024-01-21 15:00:27,65,15,option2,0
2024-01-20 23:10:30,2024-01-21 20:00:45,30,20,option2,0
2024-01-20 23:10:31,2024-01-21 07:00:37,8,7,option2,0
2024-01-20 23:10:31,2024-01-22 03:00:41,110,3,option3,1
2024-01-20 23:10:32,2024-01-22 08:00:41,69,8,option2,1
2024-01-20 23:10:32,2024-01-21 15:00:24,9,15,option2,0
2024-01-20 23:10:33,2024-01-22 02:00:36,98,2,option3,1
2024-01-20 23:10:33,2024-01-21 18:00:42,78,18,option3,1
2024-01-20 23:10:34,2024-01-21 23:00:11,75,23,option3,1
2024-01-20 23:10:34,2024-01-22 04:00:07,21,4,option1,1
2024-01-20 23:10:35,2024-01-22 04:00:31,21,4,option1,1
2024-01-20 23:10:35,2024-01-21 09:00:11,27,9,option3,1
2024-01-20 23:10:36,2024-01-22 03:00:36,104,3,option3,1
2024-01-20 23:10:36,2024-01-22 02:00:45,94,2,option2,0
2024-01-20 23:10:37,2024-01-21 01:00:19,17,1,option3,0
2024-01-20 23:10:37,2024-01-22 09:00:31,80,9,option2,0
2024-01-20 23:10:38,2024-01-21 21:00:29,35,21,option3,1
2024-01-20 23:10:39,2024-01-21 17:00:29,76,17,option3,1
2024-01-20 23:10:39,2024-01-22 07:00:27,104,7,option1,0
2024-01-20 23:10:40,2024-01-22 02:00:49,56,2,option3,1
2024-01-20 23:10:41,2024-01-22 19:00:56,109,19,option3,1
2024-01-20 23:10:41,2024-01-22 06:00:49,98,6,option1,0
2024-01-20 23:10:42,2024-01-21 16:00:55,93,16,option1,0
2024-01-20 23:10:42,2024-01-21 21:00:55,107,21,option2,0
2024-01-20 23:10:43,2024-01-21 22:00:12,56,22,option2,0
2024-01-20 23:10:44,2024-01-21 21:00:52,91,21,option3,1
2024-01-20 23:10:44,2024-01-21 21:00:55,111,21,option3,1
2024-01-20 23:10:45,2024-01-22 07:00:19,54,7,option3,1
2024-01-20 23:10:45,2024-01-22 01:00:19,28,1,option3,1
2024-01-20 23:10:46,2024-01-21 15:00:43,109,15,option3,0
2024-01-20 23:10:46,2024-01-21 04:00:27,113,4,option2,0
2024-01-20 23:10:47,2024-01-22 05:00:41,69,5,option3,1
2024-01-20 23:10:48,2024-01-21 09:00:32,92,9,option2,0
2024-01-20 23:10:48,2024-01-22 02:00:19,80,2,option3,1
2024-01-20 23:10:49,2024-01-22 05:00:25,61,5,option3,1
2024-01-20 23:10:49,2024-01-21 17:00:39,57,17,option3,1
2024-01-20 23:10:50,2024-01-21 20:00:42,78,20,option2,1
2024-01-20 23:10:50,2024-01-22 00:00:32,8,0,option1,0
2024-01-20 23:10:51,2024-01-21 07:00:04,30,7,option3,1
2024-01-20 23:10:51,2024-01-21 11:00:21,94,11,option1,0
2024-01-20 23:10:52,2024-01-22 02:00:04,34,2,option3,1
2024-01-20 23:10:53,2024-01-21 10:00:48,14,10,option2,0
2024-01-20 23:10:53,2024-01-21 16:00:22,108,16,option1,0
2024-01-20 23:10:54,2024-01-21 21:00:57,105,21,option2,0
2024-01-20 23:10:54,2024-01-21 16:00:06,54,16,option3,1
2024-01-20 23:10:55,2024-01-21 17:00:24,74,17,option3,1
2024-01-20 23:10:55,2024-01-22 03:00:43,40,3,option3,1
2024-01-20 23:10:56,2024-01-21 23:00:18,115,23,option1,0
2024-01-20 23:10:57,2024-01-22 12:00:17,115,12,option3,1
2024-01-20 23:10:57,2024-01-22 08:00:25,47,8,option3,0
2024-01-20 23:10:58,2024-01-22 15:00:21,47,15,option3,0
2024-01-20 23:10:58,2024-01-21 14:00:15,96,14,option3,1
2024-01-20 23:10:59,2024-01-22 10:00:11,53,10,option2,0
2024-01-20 23:11:00,2024-01-22 18:00:17,66,18,option3,1
2024-01-20 23:11:00,2024-01-21 21:00:49,43,21,option3,0
2024-01-20 23:11:01,2024-01-22 10:00:43,5,10,option2,0
2024-01-20 23:11:01,2024-01-22 07:00:24,29,7,option3,1
2024-01-20 23:11:02,2024-01-21 16:00:08,53,16,option3,1
2024-01-20 23:11:02,2024-01-21 18:00:33,74,18,option1,0
2024-01-20 23:11:03,2024-01-21 15:00:37,55,15,option1,0
2024-01-20 23:11:03,2024-01-22 00:00:11,33,0,option3,0
2024-01-20 23:11:04,2024-01-21 20:00:11,58,20,option1,0
2024-01-20 23:11:05,2024-01-21 17:00:30,74,17,option3,0
2024-01-20 23:11:05,2024-01-21 12:00:02,83,12,option3,1
2024-01-20 23:11:06,2024-01-22 06:00:48,12,6,option2,0
2024-01-20 23:11:07,2024-01-21 18:00:35,114,18,option1,0
2024-01-20 23:11:07,2024-01-22 07:00:52,104,7,option3,0
2024-01-20 23:11:08,2024-01-21 19:00:32,18,19,option2,0
2024-01-20 23:11:08,2024-01-22 17:00:02,81,17,option3,1
2024-01-20 23:11:09,2024-01-21 15:00:18,113,15,option3,1
2024-01-20 23:11:09,2024-01-22 02:00:33,95,2,option3,1
2024-01-20 23:11:10,2024-01-22 12:00:41,4,12,option2,0
2024-01-20 23:11:10,2024-01-21 19:00:57,108,19,option1,0
2024-01-20 23:11:11,2024-01-22 03:00:30,26,3,option3,1
2024-01-20 23:11:11,2024-01-22 01:00:57,28,1,option3,0
2024-01-20 23:11:12,2024-01-22 17:00:57,118,17,option3,1
2024-01-20 23:11:13,2024-01-21 23:00:07,101,23,option1,0
2024-01-20 23:11:13,2024-01-21 23:00:25,21,23,option1,1
2024-01-20 23:11:14,2024-01-22 07:00:32,49,7,option3,1
2024-01-20 23:11:15,2024-01-22 06:00:31,97,6,option3,1
2024-01-20 23:11:15,2024-01-22 12:00:24,75,12,option3,1
2024-01-20 23:11:16,2024-01-22 02:00:06,64,2,option3,1
2024-01-20 23:11:16,2024-01-22 07:00:56,72,7,option3,1
2024-01-20 23:11:17,2024-01-21 10:00:19,62,10,option2,0
2024-01-20 23:11:17,2024-01-22 09:00:40,118,9,option2,0
2024-01-20 23:11:18,2024-01-21 04:00:42,96,4,option3,1
2024-01-20 23:11:19,2024-01-21 13:00:39,67,13,option3,1
2024-01-20 23:11:19,2024-01-21 15:00:27,27,15,option1,0
2024-01-20 23:11:20,2024-01-22 15:00:17,85,15,option2,0
2024-01-20 23:11:20,2024-01-21 20:00:42,17,20,option2,0
2024-01-20 23:11:21,2024-01-21 22:00:49,93,22,option1,0
2024-01-20 23:11:21,2024-01-21 22:00:25,78,22,option3,1
2024-01-20 23:11:22,2024-01-21 13:00:45,83,13,option3,0
2024-01-20 23:11:22,2024-01-21 22:00:11,37,22,option3,1
2024-01-20 23:11:23,2024-01-21 09:00:01,56,9,option3,1
2024-01-20 23:11:24,2024-01-21 05:00:13,1,5,option1,0
2024-01-20 23:11:24,2024-01-21 16:00:39,59,16,option3,1
2024-01-20 23:11:25,2024-01-22 01:00:33,4,1,option2,0
2024-01-20 23:11:25,2024-01-21 22:00:02,112,22,option1,0
2024-01-20 23:11:26,2024-01-22 15:00:04,13,15,option3,0
2024-01-20 23:11:26,2024-01-21 13:00:32,22,13,option2,1
2024-01-20 23:11:27,2024-01-22 12:00:36,22,12,option2,0
2024-01-20 23:11:28,2024-01-21 07:00:15,59,7,option1,0
2024-01-20 23:11:28,2024-01-21 04:00:14,81,4,option3,1
2024-01-20 23:11:29,2024-01-22 11:00:40,74,11,option1,0
2024-01-20 23:11:29,2024-01-21 19:00:14,56,19,option3,1
2024-01-20 23:11:30,2024-01-22 02:00:48,18,2,option2,0
2024-01-20 23:11:30,2024-01-21 17:00:01,88,17,option3,1
2024-01-20 23:11:31,2024-01-22 16:00:43,73,16,option3,1
2024-01-20 23:11:32,2024-01-22 05:00:51,27,5,option3,1
2024-01-20 23:11:32,2024-01-22 12:00:17,33,12,option3,1
2024-01-20 23:11:33,2024-01-22 08:00:04,17,8,option3,0
2024-01-20 23:11:33,2024-01-22 14:00:37,70,14,option3,1
2024-01-20 23:11:34,2024-01-22 07:00:20,47,7,option3,1
2024-01-20 23:11:34,2024-01-21 19:00:01,39,19,option3,1
2024-01-20 23:11:35,2024-01-22 02:00:25,0,2,option1,1
2024-01-20 23:11:35,2024-01-22 05:00:26,106,5,option3,1
2024-01-20 23:11:36,2024-01-21 04:00:54,100,4,option3,1
2024-01-20 23:11:36,2024-01-22 09:00:33,94,9,option3,0
2024-01-20 23:11:38,2024-01-22 06:00:03,17,6,option2,0
2024-01-20 23:11:38,2024-01-21 16:00:57,73,16,option2,0
2024-01-20 23:11:39,2024-01-21 10:00:21,23,10,option1,0
2024-01-20 23:11:39,2024-01-21 12:00:02,90,12,option1,0
2024-01-20 23:11:40,2024-01-21 19:00:50,17,19,option2,0
2024-01-20 23:11:40,2024-01-21 22:00:00,89,22,option3,0
2024-01-20 23:11:41,2024-01-22 00:00:54,51,0,option3,0
2024-01-20 23:11:41,2024-01-21 20:00:07,94,20,option1,0
2024-01-20 23:11:42,2024-01-21 10:00:53,104,10,option1,0
2024-01-20 23:11:42,2024-01-21 12:00:14,25,12,option1,0
2024-01-20 23:11:43,2024-01-22 00:00:31,94,0,option3,1
2024-01-20 23:11:43,2024-01-21 06:00:26,74,6,option3,1
2024-01-20 23:11:44,2024-01-22 04:00:15,75,4,option2,0
2024-01-20 23:11:45,2024-01-21 04:00:56,1,4,option2,0
2024-01-20 23:11:45,2024-01-21 21:00:15,24,21,option1,1
2024-01-20 23:11:46,2024-01-22 15:00:37,107,15,option2,1
2024-01-20 23:11:46,2024-01-21 02:00:54,28,2,option3,1
2024-01-20 23:11:47,2024-01-22 04:00:22,89,4,option3,0
2024-01-20 23:11:47,2024-01-21 14:00:41,70,14,option3,1
2024-01-20 23:11:48,2024-01-21 09:00:08,19,9,option1,0
2024-01-20 23:11:48,2024-01-21 21:00:35,74,21,option1,0
2024-01-20 23:11:49,2024-01-22 03:00:23,65,3,option3,1
2024-01-20 23:11:49,2024-01-21 17:00:29,16,17,option2,1
2024-01-20 23:11:50,2024-01-21 12:00:04,69,12,option3,1
2024-01-20 23:11:51,2024-01-21 22:00:09,7,22,option1,0
2024-01-20 23:11:51,2024-01-21 16:00:52,36,16,option3,1
2024-01-20 23:11:52,2024-01-21 20:00:20,79,20,option3,1
2024-01-20 23:11:52,2024-01-22 00:00:37,119,0,option1,0
2024-01-20 23:11:53,2024-01-21 22:00:10,39,22,option2,0
2024-01-20 23:11:53,2024-01-22 19:00:12,55,19,option3,0
2024-01-20 23:11:54,2024-01-22 02:00:18,14,2,option2,0
2024-01-20 23:11:54,2024-01-22 11:00:22,85,11,option3,1
2024-01-20 23:11:55,2024-01-21 03:00:34,29,3,option2,0
2024-01-20 23:11:56,2024-01-21 04:00:05,69,4,option3,1
2024-01-20 23:11:56,2024-01-22 09:00:14,92,9,option3,1
2024-01-20 23:11:57,2024-01-22 10:00:41,94,10,option3,1
2024-01-20 23:11:57,2024-01-22 19:00:39,73,19,option1,0
2024-01-20 23:11:58,2024-01-21 22:00:48,9,22,option1,1
2024-01-20 23:11:58,2024-01-21 23:00:28,21,23,option2,0
2024-01-20 23:11:59,2024-01-21 19:00:24,34,19,option3,1
2024-01-20 23:12:00,2024-01-22 01:00:04,95,1,option3,1
2024-01-20 23:12:00,2024-01-22 22:00:07,72,22,option3,1
2024-01-20 23:12:01,2024-01-22 00:00:25,75,0,option3,1
2024-01-20 23:12:01,2024-01-21 22:00:04,101,22,option2,0
2024-01-20 23:12:02,2024-01-21 21:00:02,32,21,option2,0
2024-01-20 23:12:02,2024-01-21 14:00:43,87,14,option3,0
2024-01-20 23:12:03,2024-01-22 12:00:50,69,12,option3,1
2024-01-20 23:12:04,2024-01-22 15:00:44,88,15,option1,0
2024-01-20 23:12:04,2024-01-21 22:00:41,81,22,option1,0
2024-01-20 23:12:05,2024-01-21 10:00:16,109,10,option2,0
2024-01-20 23:12:05,2024-01-22 06:00:03,99,6,option1,0
2024-01-20 23:12:06,2024-01-21 13:00:32,78,13,option2,0
2024-01-20 23:12:06,2024-01-22 04:00:46,55,4,option2,0
2024-01-20 23:12:07,2024-01-22 01:00:53,60,1,option3,1
2024-01-20 23:12:08,2024-01-21 18:00:18,53,18,option1,0
2024-01-20 23:12:08,2024-01-22 09:00:09,86,9,option3,1
2024-01-20 23:12:09,2024-01-22 10:00:49,2,10,option1,1
2024-01-20 23:12:09,2024-01-22 03:00:36,115,3,option1,0
2024-01-20 23:12:10,2024-01-21 17:00:33,5,17,option1,0
2024-01-20 23:12:11,2024-01-22 08:00:33,108,8,option1,0
2024-01-20 23:12:11,2024-01-22 01:00:11,86,1,option1,0
2024-01-20 23:12:12,2024-01-21 06:00:00,73,6,option3,1
2024-01-20 23:12:12,2024-01-21 22:00:01,22,22,option2,0
2024-01-20 23:12:13,2024-01-22 12:00:02,35,12,option3,1
2024-01-20 23:12:14,2024-01-21 20:00:42,20,20,option2,0
2024-01-20 23:12:15,2024-01-22 09:00:05,6,9,option3,0
2024-01-20 23:12:15,2024-01-21 08:00:36,49,8,option2,0
2024-01-20 23:12:16,2024-01-22 09:00:44,99,9,option3,1
2024-01-20 23:12:17,2024-01-22 11:00:08,84,11,option2,0
2024-01-20 23:12:17,2024-01-21 21:00:22,16,21,option1,1
2024-01-20 23:12:18,2024-01-21 22:00:14,66,22,option1,0
2024-01-20 23:12:19,2024-01-21 21:00:40,110,21,option3,0
2024-01-20 23:12:19,2024-01-21 16:00:18,89,16,option1,0
2024-01-20 23:12:20,2024-01-22 06:00:23,97,6,option1,0
2024-01-20 23:12:20,2024-01-21 10:00:40,78,10,option3,0
2024-01-20 23:12:21,2024-01-21 11:00:21,89,11,option1,0
2024-01-20 23:12:21,2024-01-22 03:00:09,80,3,option2,0
2024-01-20 23:12:22,2024-01-22 14:00:35,112,14,option3,1
2024-01-20 23:12:22,2024-01-22 10:00:09,96,10,option3,0
2024-01-20 23:12:23,2024-01-21 22:00:55,46,22,option1,0
2024-01-20 23:12:23,2024-01-21 22:00:16,10,22,option1,1
2024-01-20 23:12:24,2024-01-21 17:00:57,62,17,option3,1
2024-01-20 23:12:25,2024-01-21 07:00:05,36,7,option3,1
2024-01-20 23:12:25,2024-01-21 20:00:38,45,20,option3,1
2024-01-20 23:12:25,2024-01-22 07:00:14,72,7,option2,0
2024-01-20 23:12:26,2024-01-22 14:00:42,109,14,option2,0
2024-01-20 23:12:27,2024-01-22 05:00:49,71,5,option3,1
2024-01-20 23:12:27,2024-01-21 16:00:37,26,16,option2,0
2024-01-20 23:12:28,2024-01-21 12:00:26,93,12,option1,0
2024-01-20 23:12:28,2024-01-22 10:00:34,13,10,option3,0
2024-01-20 23:12:29,2024-01-21 13:00:52,20,13,option2,0
2024-01-20 23:12:29,2024-01-21 08:00:16,22,8,option1,0
2024-01-20 23:12:30,2024-01-22 00:00:18,111,0,option1,0
2024-01-20 23:12:31,2024-01-21 17:00:43,43,17,option3,1
2024-01-20 23:12:32,2024-01-22 16:00:18,13,16,option2,0
2024-01-20 23:12:33,2024-01-21 13:00:14,119,13,option1,0
2024-01-20 23:12:33,2024-01-22 14:00:55,38,14,option3,1
2024-01-20 23:12:34,2024-01-22 14:00:00,86,14,option3,1
2024-01-20 23:12:34,2024-01-22 12:00:52,0,12,option1,1
2024-01-20 23:12:35,2024-01-21 12:00:24,106,12,option2,1
2024-01-20 23:12:35,2024-01-21 17:00:53,87,17,option3,0
2024-01-20 23:12:36,2024-01-22 13:00:22,99,13,option3,1
2024-01-20 23:12:36,2024-01-22 16:00:08,1,16,option2,0
2024-01-20 23:12:37,2024-01-22 18:00:44,102,18,option2,0
2024-01-20 23:12:38,2024-01-21 18:00:46,42,18,option3,1
2024-01-20 23:12:38,2024-01-22 01:00:29,23,1,option1,1
2024-01-20 23:12:39,2024-01-21 16:00:46,40,16,option1,0
2024-01-20 23:12:39,2024-01-22 11:00:28,79,11,option3,1
2024-01-20 23:12:40,2024-01-22 03:00:43,93,3,option2,0
2024-01-20 23:12:41,2024-01-22 06:00:04,4,6,option3,0
2024-01-20 23:12:41,2024-01-22 06:00:01,1,6,option3,0
2024-01-20 23:12:41,2024-01-22 10:00:57,117,10,option3,1
2024-01-20 23:12:42,2024-01-21 22:00:41,117,22,option1,0
2024-01-20 23:12:42,2024-01-21 06:00:50,43,6,option2,0
2024-01-20 23:12:43,2024-01-21 22:00:53,49,22,option3,1
2024-01-20 23:12:44,2024-01-22 00:00:15,87,0,option3,1
2024-01-20 23:12:44,2024-01-21 06:00:23,29,6,option3,1
2024-01-20 23:12:45,2024-01-21 18:00:23,103,18,option3,1
2024-01-20 23:12:45,2024-01-22 09:00:07,86,9,option3,1
2024-01-20 23:12:46,2024-01-22 06:00:14,59,6,option3,0
2024-01-20 23:12:46,2024-01-22 00:00:09,51,0,option1,0
2024-01-20 23:12:47,2024-01-22 01:00:33,89,1,option3,1
2024-01-20 23:12:47,2024-01-22 14:00:48,57,14,option3,1
2024-01-20 23:12:48,2024-01-21 15:00:50,36,15,option3,1
2024-01-20 23:12:49,2024-01-21 21:00:20,52,21,option3,1
2024-01-20 23:12:49,2024-01-22 02:00:27,80,2,option3,1
2024-01-20 23:12:50,2024-01-21 11:00:30,36,11,option1,0
2024-01-20 23:12:50,2024-01-22 00:00:47,75,0,option3,1
2024-01-20 23:12:51,2024-01-21 10:00:21,44,10,option2,0
2024-01-20 23:12:51,2024-01-21 19:00:37,96,19,option1,0
2024-01-20 23:12:52,2024-01-21 10:00:11,48,10,option3,1
2024-01-20 23:12:53,2024-01-22 10:00:56,19,10,option1,0
2024-01-20 23:12:53,2024-01-21 16:00:21,88,16,option3,1
2024-01-20 23:12:54,2024-01-22 14:00:01,35,14,option3,1
2024-01-20 23:12:54,2024-01-21 02:00:16,81,2,option3,1
2024-01-20 23:12:55,2024-01-22 15:00:27,101,15,option2,0
2024-01-20 23:12:55,2024-01-22 00:00:06,38,0,option2,0
2024-01-20 23:12:56,2024-01-22 14:00:30,119,14,option2,0
2024-01-20 23:12:56,2024-01-21 04:00:15,80,4,option3,0
2024-01-20 23:12:57,2024-01-21 17:00:39,62,17,option3,1
2024-01-20 23:12:57,2024-01-21 23:00:29,113,23,option1,0
2024-01-20 23:12:58,2024-01-21 19:00:22,107,19,option3,1
2024-01-20 23:12:58,2024-01-21 11:00:29,56,11,option1,0
2024-01-20 23:12:59,2024-01-22 00:00:32,46,0,option3,1
2024-01-20 23:12:59,2024-01-22 16:00:56,30,16,option3,1
2024-01-20 23:13:00,2024-01-21 19:00:40,21,19,option2,0
2024-01-20 23:13:00,2024-01-21 20:00:35,32,20,option3,1
2024-01-20 23:13:01,2024-01-22 16:00:38,55,16,option3,1
2024-01-20 23:13:02,2024-01-22 07:00:12,80,7,option3,1
2024-01-20 23:13:02,2024-01-21 20:00:39,6,20,option1,1
2024-01-20 23:13:03,2024-01-21 20:00:27,91,20,option1,0
2024-01-20 23:13:03,2024-01-21 11:00:36,56,11,option3,1
2024-01-20 23:13:04,2024-01-21 21:00:52,49,21,option3,1
2024-01-20 23:13:04,2024-01-22 11:00:37,118,11,option3,1
2024-01-20 23:13:05,2024-01-21 17:00:49,20,17,option2,1
2024-01-20 23:13:05,2024-01-21 16:00:52,99,16,option1,0
2024-01-20 23:13:06,2024-01-21 18:00:02,33,18,option2,0
2024-01-20 23:13:06,2024-01-21 21:00:50,99,21,option2,0
2024-01-20 23:13:07,2024-01-21 22:00:39,54,22,option2,0
2024-01-20 23:13:07,2024-01-21 10:00:22,41,10,option3,1
2024-01-20 23:13:08,2024-01-22 00:00:24,91,0,option3,1
2024-01-20 23:13:08,2024-01-22 01:00:24,68,1,option3,1
2024-01-20 23:13:09,2024-01-22 16:00:25,20,16,option2,1
2024-01-20 23:13:09,2024-01-21 12:00:08,115,12,option3,1
2024-01-20 23:13:10,2024-01-21 19:00:13,48,19,option3,1
2024-01-20 23:13:11,2024-01-22 01:00:30,88,1,option2,0
2024-01-20 23:13:11,2024-01-21 15:00:12,25,15,option3,0
2024-01-20 23:13:12,2024-01-22 05:00:48,58,5,option2,1
2024-01-20 23:13:12,2024-01-21 19:00:42,47,19,option3,1
2024-01-20 23:13:13,2024-01-21 23:00:18,19,23,option2,0
2024-01-20 23:13:13,2024-01-21 04:00:54,63,4,option3,1
2024-01-20 23:13:14,2024-01-22 03:00:49,65,3,option1,0
2024-01-20 23:13:15,2024-01-22 00:00:58,119,0,option3,1
2024-01-20 23:13:16,2024-01-22 04:00:56,95,4,option1,0
2024-01-20 23:13:16,2024-01-22 00:00:52,89,0,option3,1
2024-01-20 23:13:17,2024-01-22 18:00:53,37,18,option3,1
2024-01-20 23:13:17,2024-01-21 23:00:17,7,23,option3,0
2024-01-20 23:13:18,2024-01-22 00:00:48,13,0,option2,0
2024-01-20 23:13:18,2024-01-22 08:00:56,54,8,option3,1
2024-01-20 23:13:19,2024-01-21 18:00:25,92,18,option3,0
2024-01-20 23:13:20,2024-01-21 14:00:48,8,14,option3,0
2024-01-20 23:13:20,2024-01-22 12:00:22,101,12,option3,1
2024-01-20 23:13:21,2024-01-22 09:00:38,25,9,option3,1
2024-01-20 23:13:21,2024-01-21 13:00:49,85,13,option2,1
2024-01-20 23:13:22,2024-01-22 06:00:08,9,6,option3,0
2024-01-20 23:13:22,2024-01-22 05:00:03,87,5,option3,1
2024-01-20 23:13:23,2024-01-22 17:00:27,85,17,option1,0
2024-01-20 23:13:23,2024-01-21 18:00:28,104,18,option2,0
2024-01-20 23:13:24,2024-01-21 15:00:22,98,15,option3,1
2024-01-20 23:13:24,2024-01-22 05:00:55,108,5,option2,0
2024-01-20 23:13:25,2024-01-21 14:00:15,24,14,option1,0
2024-01-20 23:13:25,2024-01-21 09:00:44,27,9,option3,1
2024-01-20 23:13:26,2024-01-21 12:00:48,85,12,option3,1
2024-01-20 23:13:27,2024-01-21 23:00:00,61,23,option2,0
2024-01-20 23:13:27,2024-01-21 05:00:24,107,5,option3,1
2024-01-20 23:13:28,2024-01-21 20:00:29,12,20,option2,0
2024-01-20 23:13:29,2024-01-22 09:00:33,107,9,option3,0
2024-01-20 23:13:29,2024-01-21 20:00:00,36,20,option3,1
2024-01-20 23:13:30,2024-01-21 21:00:18,17,21,option1,1
2024-01-20 23:13:30,2024-01-21 15:00:39,32,15,option2,0
2024-01-20 23:13:31,2024-01-22 21:00:48,108,21,option1,0
2024-01-20 23:13:31,2024-01-21 19:00:53,96,19,option3,1
2024-01-20 23:13:32,2024-01-21 19:00:31,51,19,option3,1
2024-01-20 23:13:33,2024-01-21 11:00:24,33,11,option3,0
2024-01-20 23:13:33,2024-01-22 06:00:31,15,6,option1,1
2024-01-20 23:13:34,2024-01-22 03:00:49,36,3,option3,1
2024-01-20 23:13:35,2024-01-22 03:00:19,46,3,option3,1
2024-01-20 23:13:35,2024-01-21 20:00:37,47,20,option1,0
2024-01-20 23:13:36,2024-01-22 07:00:39,102,7,option3,1
2024-01-20 23:13:36,2024-01-22 01:00:10,104,1,option1,0
2024-01-20 23:13:37,2024-01-21 08:00:38,52,8,option3,1
2024-01-20 23:13:38,2024-01-21 19:00:04,18,19,option2,0
2024-01-20 23:13:38,2024-01-22 04:00:05,65,4,option2,0
2024-01-20 23:13:39,2024-01-22 13:00:31,45,13,option3,1
2024-01-20 23:13:39,2024-01-22 19:00:55,29,19,option3,1
2024-01-20 23:13:40,2024-01-21 21:00:14,107,21,option1,0
2024-01-20 23:13:40,2024-01-21 20:00:36,35,20,option3,1
2024-01-20 23:13:41,2024-01-21 04:00:59,72,4,option3,1
2024-01-20 23:13:41,2024-01-22 13:00:53,68,13,option3,1
2024-01-20 23:13:42,2024-01-22 06:00:16,109,6,option3,1
2024-01-20 23:13:43,2024-01-22 09:00:17,14,9,option1,0
2024-01-20 23:13:43,2024-01-21 23:00:46,2,23,option1,1
2024-01-20 23:13:44,2024-01-22 02:00:23,76,2,option2,0
2024-01-20 23:13:44,2024-01-21 08:00:47,72,8,option1,0
2024-01-20 23:13:45,2024-01-22 04:00:14,70,4,option3,1
2024-01-20 23:13:46,2024-01-21 15:00:04,42,15,option2,0
2024-01-20 23:13:46,2024-01-22 15:00:04,41,15,option3,1
2024-01-20 23:13:47,2024-01-22 10:00:51,77,10,option3,1
2024-01-20 23:13:47,2024-01-21 17:00:06,63,17,option3,1
2024-01-20 23:13:48,2024-01-21 18:00:40,58,18,option2,0
2024-01-20 23:13:48,2024-01-22 11:00:09,86,11,option1,0
2024-01-20 23:13:49,2024-01-21 19:00:52,41,19,option2,0
2024-01-20 23:13:50,2024-01-22 03:00:32,91,3,option2,0
2024-01-20 23:13:50,2024-01-21 14:00:18,31,14,option3,1
2024-01-20 23:13:51,2024-01-21 21:00:43,67,21,option1,0
2024-01-20 23:13:51,2024-01-22 01:00:00,96,1,option3,1
2024-01-20 23:13:52,2024-01-21 15:00:25,12,15,option1,1
2024-01-20 23:13:52,2024-01-21 11:00:13,90,11,option1,0
2024-01-20 23:13:53,2024-01-21 21:00:35,86,21,option3,1
2024-01-20 23:13:53,2024-01-21 23:00:50,49,23,option1,0
2024-01-20 23:13:54,2024-01-21 15:00:26,82,15,option3,1
2024-01-20 23:13:54,2024-01-21 08:00:16,73,8,option3,0
2024-01-20 23:13:55,2024-01-21 09:00:54,87,9,option3,1
2024-01-20 23:13:56,2024-01-22 15:00:29,94,15,option3,0
2024-01-20 23:13:56,2024-01-21 14:00:36,50,14,option3,1
2024-01-20 23:13:56,2024-01-21 05:00:52,44,5,option3,1
2024-01-20 23:13:57,2024-01-22 05:00:29,77,5,option3,1
2024-01-20 23:13:57,2024-01-21 03:00:38,38,3,option1,0
2024-01-20 23:13:58,2024-01-21 20:00:28,88,20,option2,0
2024-01-20 23:13:59,2024-01-22 06:00:33,101,6,option3,1
2024-01-20 23:13:59,2024-01-21 09:00:01,57,9,option1,0
2024-01-20 23:14:00,2024-01-22 03:00:59,30,3,option3,1
2024-01-20 23:14:00,2024-01-22 00:00:52,71,0,option1,0
2024-01-20 23:14:01,2024-01-21 21:00:36,6,21,option1,1
2024-01-20 23:14:02,2024-01-21 18:00:41,60,18,option3,1
2024-01-20 23:14:02,2024-01-21 19:00:07,92,19,option2,1
2024-01-20 23:14:03,2024-01-21 21:00:02,84,21,option2,0
2024-01-20 23:14:03,2024-01-22 09:00:10,10,9,option1,1
2024-01-20 23:14:04,2024-01-22 04:00:24,60,4,option1,0
2024-01-20 23:14:05,2024-01-21 23:00:38,117,23,option1,0
2024-01-20 23:14:05,2024-01-22 17:00:01,88,17,option3,1
2024-01-20 23:14:06,2024-01-21 05:00:20,96,5,option3,1
2024-01-20 23:14:06,2024-01-21 23:00:43,68,23,option3,1
2024-01-20 23:14:07,2024-01-21 18:00:16,54,18,option3,1
2024-01-20 23:14:08,2024-01-21 18:00:31,12,18,option2,0
2024-01-20 23:14:08,2024-01-21 21:00:38,102,21,option3,1
2024-01-20 23:14:09,2024-01-22 00:00:28,50,0,option1,0
2024-01-20 23:14:09,2024-01-21 20:00:02,63,20,option3,1
2024-01-20 23:14:10,2024-01-21 23:00:22,98,23,option2,0
2024-01-20 23:14:10,2024-01-21 23:00:52,25,23,option2,0
2024-01-20 23:14:11,2024-01-22 08:00:19,67,8,option2,0
2024-01-20 23:14:11,2024-01-22 16:00:34,42,16,option1,0
2024-01-20 23:14:12,2024-01-22 06:00:57,116,6,option2,0
2024-01-20 23:14:12,2024-01-21 07:00:31,47,7,option3,1
2024-01-20 23:14:13,2024-01-21 05:00:04,30,5,option3,1
2024-01-20 23:14:14,2024-01-21 14:00:06,30,14,option3,1
2024-01-20 23:14:14,2024-01-22 04:00:52,12,4,option1,1
2024-01-20 23:14:14,2024-01-21 13:00:21,77,13,option3,0
2024-01-20 23:14:15,2024-01-22 07:00:02,4,7,option1,1
2024-01-20 23:14:15,2024-01-21 13:00:54,36,13,option3,0
2024-01-20 23:14:16,2024-01-22 04:00:09,82,4,option1,0
2024-01-20 23:14:16,2024-01-22 18:00:25,61,18,option3,1
2024-01-20 23:14:17,2024-01-21 19:00:35,31,19,option3,1
2024-01-20 23:14:17,2024-01-22 02:00:55,12,2,option3,0
2024-01-20 23:14:18,2024-01-22 04:00:02,87,4,option3,1
2024-01-20 23:14:18,2024-01-21 17:00:14,46,17,option3,1
2024-01-20 23:14:19,2024-01-21 18:00:27,7,18,option1,0
2024-01-20 23:14:19,2024-01-21 19:00:01,70,19,option1,0
2024-01-20 23:14:20,2024-01-22 09:00:47,90,9,option2,0
2024-01-20 23:14:20,2024-01-21 19:00:37,113,19,option3,1
2024-01-20 23:14:21,2024-01-21 20:00:53,62,20,option2,0
2024-01-20 23:14:21,2024-01-22 07:00:53,48,7,option3,1
2024-01-20 23:14:21,2024-01-22 15:00:54,84,15,option3,1
2024-01-20 23:14:22,2024-01-21 05:00:58,8,5,option3,0
2024-01-20 23:14:22,2024-01-21 20:00:12,10,20,option1,1
2024-01-20 23:14:23,2024-01-21 22:00:06,35,22,option1,0
2024-01-20 23:14:23,2024-01-22 12:00:53,48,12,option3,1
2024-01-20 23:14:24,2024-01-22 01:00:26,77,1,option3,1
2024-01-20 23:14:25,2024-01-21 16:00:29,68,16,option3,1
2024-01-20 23:14:25,2024-01-22 01:00:59,46,1,option3,1
2024-01-20 23:14:26,2024-01-21 17:00:48,24,17,option2,0
2024-01-20 23:14:26,2024-01-21 20:00:35,62,20,option2,0
2024-01-20 23:14:27,2024-01-21 18:00:12,98,18,option3,0
2024-01-20 23:14:27,2024-01-21 14:00:25,9,14,option3,0
2024-01-20 23:14:28,2024-01-21 09:00:10,109,9,option3,0
2024-01-20 23:14:29,2024-01-22 02:00:22,76,2,option3,1
2024-01-20 23:14:29,2024-01-22 02:00:56,13,2,option1,1
2024-01-20 23:14:30,2024-01-21 22:00:17,12,22,option3,0
2024-01-20 23:14:30,2024-01-22 03:00:05,116,3,option3,1
2024-01-20 23:14:31,2024-01-22 15:00:08,73,15,option1,0
2024-01-20 23:14:31,2024-01-21 14:00:38,65,14,option3,0
2024-01-20 23:14:32,2024-01-21 23:00:46,64,23,option3,1
2024-01-20 23:14:33,2024-01-21 13:00:08,41,13,option3,1
2024-01-20 23:14:33,2024-01-22 11:00:33,111,11,option2,0
2024-01-20 23:14:34,2024-01-21 20:00:03,93,20,option2,0
2024-01-20 23:14:34,2024-01-21 23:00:11,21,23,option2,0
2024-01-20 23:14:35,2024-01-22 04:00:48,25,4,option1,1
2024-01-20 23:14:35,2024-01-22 08:00:35,90,8,option2,0
2024-01-20 23:14:36,2024-01-21 13:00:02,83,13,option3,1
2024-01-20 23:14:36,2024-01-22 06:00:52,98,6,option2,1
2024-01-20 23:14:37,2024-01-22 19:00:59,11,19,option1,0
2024-01-20 23:14:37,2024-01-21 11:00:46,31,11,option3,1
2024-01-20 23:14:37,2024-01-22 00:00:09,79,0,option1,0
2024-01-20 23:14:38,2024-01-22 05:00:28,75,5,option3,1
2024-01-20 23:14:39,2024-01-22 10:00:33,87,10,option3,0
2024-01-20 23:14:39,2024-01-21 14:00:47,118,14,option3,1
2024-01-20 23:14:40,2024-01-22 08:00:36,63,8,option2,0
2024-01-20 23:14:41,2024-01-22 01:00:28,43,1,option1,0
2024-01-20 23:14:41,2024-01-21 17:00:49,78,17,option3,1
2024-01-20 23:14:42,2024-01-21 12:00:46,111,12,option3,1
2024-01-20 23:14:43,2024-01-21 12:00:25,119,12,option3,0
2024-01-20 23:14:43,2024-01-21 15:00:44,39,15,option3,1
2024-01-20 23:14:44,2024-01-21 07:00:24,22,7,option1,0
2024-01-20 23:14:44,2024-01-21 20:00:38,20,20,option3,0
2024-01-20 23:14:45,2024-01-21 13:00:11,118,13,option3,1
2024-01-20 23:14:45,2024-01-21 23:00:13,108,23,option1,0
2024-01-20 23:14:46,2024-01-22 15:00:47,93,15,option1,0
2024-01-20 23:14:46,2024-01-21 17:00:45,31,17,option3,0
2024-01-20 23:14:47,2024-01-22 08:00:47,107,8,option1,1
2024-01-20 23:14:47,2024-01-22 02:00:44,94,2,option3,1
2024-01-20 23:14:48,2024-01-21 20:00:29,112,20,option2,0
2024-01-20 23:14:48,2024-01-21 05:00:18,48,5,option3,1
2024-01-20 23:14:49,2024-01-21 18:00:21,64,18,option3,1
2024-01-20 23:14:49,2024-01-22 06:00:02,28,6,option1,0
2024-01-20 23:14:50,2024-01-22 03:00:31,101,3,option3,1
2024-01-20 23:14:50,2024-01-22 04:00:53,27,4,option2,0
2024-01-20 23:14:51,2024-01-22 03:00:26,75,3,option3,1
2024-01-20 23:14:51,2024-01-22 07:00:29,112,7,option3,1
2024-01-20 23:14:52,2024-01-21 07:00:13,71,7,option3,1
2024-01-20 23:14:52,2024-01-22 03:00:52,46,3,option3,1
2024-01-20 23:14:53,2024-01-22 10:00:43,63,10,option1,0
2024-01-20 23:14:54,2024-01-21 14:00:29,72,14,option2,0
2024-01-20 23:14:54,2024-01-21 10:00:52,99,10,option1,0
2024-01-20 23:14:55,2024-01-22 01:00:31,113,1,option3,1
2024-01-20 23:14:56,2024-01-21 16:00:34,96,16,option1,0
2024-01-20 23:14:56,2024-01-21 06:00:18,72,6,option3,1
2024-01-20 23:14:57,2024-01-21 18:00:24,94,18,option3,1
2024-01-20 23:14:57,2024-01-22 04:00:43,5,4,option1,0
2024-01-20 23:14:58,2024-01-21 10:00:00,20,10,option2,0
2024-01-20 23:14:58,2024-01-22 09:00:04,68,9,option1,0
2024-01-20 23:14:59,2024-01-21 20:00:23,30,20,option1,0
2024-01-20 23:15:00,2024-01-21 23:00:57,9,23,option1,0
2024-01-20 23:15:00,2024-01-22 11:00:01,4,11,option3,0
2024-01-20 23:15:01,2024-01-21 04:00:09,26,4,option1,0
2024-01-20 23:15:01,2024-01-21 04:00:24,90,4,option3,1
2024-01-20 23:15:02,2024-01-22 07:00:31,71,7,option3,0
2024-01-20 23:15:02,2024-01-21 19:00:07,61,19,option1,0
2024-01-20 23:15:03,2024-01-22 08:00:14,105,8,option3,0
2024-01-20 23:15:03,2024-01-22 16:00:10,54,16,option3,1
2024-01-20 23:15:04,2024-01-21 18:00:38,41,18,option3,1
2024-01-20 23:15:04,2024-01-21 20:00:07,104,20,option1,0
2024-01-20 23:15:05,2024-01-21 15:00:43,110,15,option2,0
2024-01-20 23:15:05,2024-01-21 23:00:21,54,23,option1,0
2024-01-20 23:15:06,2024-01-21 09:00:35,39,9,option3,0
2024-01-20 23:15:06,2024-01-21 18:00:20,11,18,option1,0
2024-01-20 23:15:07,2024-01-22 07:00:03,67,7,option3,0
2024-01-20 23:15:07,2024-01-22 00:00:56,14,0,option2,0
2024-01-20 23:15:08,2024-01-21 18:00:16,44,18,option3,0
2024-01-20 23:15:08,2024-01-21 06:00:51,83,6,option3,1
2024-01-20 23:15:09,2024-01-22 19:00:18,91,19,option3,1
2024-01-20 23:15:09,2024-01-21 08:00:21,16,8,option1,0
2024-01-20 23:15:10,2024-01-21 13:00:19,95,13,option3,1
2024-01-20 23:15:10,2024-01-22 03:00:58,51,3,option3,1
2024-01-20 23:15:11,2024-01-22 06:00:36,27,6,option3,1
2024-01-20 23:15:11,2024-01-22 02:00:29,119,2,option3,1
2024-01-20 23:15:12,2024-01-21 10:00:54,26,10,option3,1
2024-01-20 23:15:12,2024-01-22 12:00:40,83,12,option1,0
2024-01-20 23:15:12,2024-01-21 10:00:31,114,10,option3,0
2024-01-20 23:15:13,2024-01-22 04:00:13,70,4,option2,0
2024-01-20 23:15:13,2024-01-22 02:00:46,68,2,option3,1
2024-01-20 23:15:14,2024-01-21 17:00:52,32,17,option1,0
2024-01-20 23:15:15,2024-01-21 22:00:18,114,22,option3,1
2024-01-20 23:15:15,2024-01-22 07:00:36,30,7,option3,1
2024-01-20 23:15:16,2024-01-22 13:00:28,62,13,option3,1
2024-01-20 23:15:16,2024-01-22 06:00:20,83,6,option3,1
2024-01-20 23:15:17,2024-01-21 23:00:18,118,23,option3,1
2024-01-20 23:15:17,2024-01-21 21:00:51,78,21,option3,1
2024-01-20 23:15:18,2024-01-21 15:00:07,48,15,option3,1
2024-01-20 23:15:18,2024-01-22 04:00:57,39,4,option3,1
2024-01-20 23:15:19,2024-01-21 18:00:05,27,18,option1,0
2024-01-20 23:15:19,2024-01-22 10:00:00,50,10,option3,1
2024-01-20 23:15:20,2024-01-21 14:00:31,63,14,option2,0
2024-01-20 23:15:21,2024-01-22 06:00:26,31,6,option3,1
2024-01-20 23:15:21,2024-01-22 01:00:07,110,1,option3,1
2024-01-20 23:15:22,2024-01-21 18:00:03,76,18,option3,1
2024-01-20 23:15:22,2024-01-22 01:00:47,53,1,option3,1
2024-01-20 23:15:23,2024-01-22 10:00:36,59,10,option1,0
2024-01-20 23:15:23,2024-01-22 00:00:48,92,0,option2,0
2024-01-20 23:15:24,2024-01-21 16:00:08,114,16,option3,1
2024-01-20 23:15:24,2024-01-22 13:00:53,87,13,option3,1
2024-01-20 23:15:25,2024-01-22 00:00:55,94,0,option1,0
2024-01-20 23:15:25,2024-01-22 01:00:10,95,1,option1,0
2024-01-20 23:15:26,2024-01-22 02:00:06,39,2,option2,0
2024-01-20 23:15:26,2024-01-22 10:00:50,108,10,option3,0
2024-01-20 23:15:27,2024-01-22 07:00:33,8,7,option1,0
2024-01-20 23:15:27,2024-01-21 17:00:50,30,17,option2,0
2024-01-20 23:15:28,2024-01-22 08:00:14,64,8,option1,0
2024-01-20 23:15:28,2024-01-22 13:00:36,61,13,option2,0
2024-01-20 23:15:29,2024-01-22 04:00:39,6,4,option1,0
2024-01-20 23:15:29,2024-01-21 16:00:39,27,16,option1,0
2024-01-20 23:15:30,2024-01-21 15:00:12,82,15,option3,1
2024-01-20 23:15:31,2024-01-22 13:00:18,106,13,option3,1
2024-01-20 23:15:31,2024-01-21 20:00:47,15,20,option2,1
2024-01-20 23:15:32,2024-01-21 20:00:59,76,20,option3,1
2024-01-20 23:15:33,2024-01-22 00:00:32,99,0,option1,0
2024-01-20 23:15:33,2024-01-22 03:00:12,82,3,option3,1
2024-01-20 23:15:34,2024-01-21 14:00:46,49,14,option1,0
2024-01-20 23:15:34,2024-01-21 20:00:50,3,20,option3,1
2024-01-20 23:15:35,2024-01-21 16:00:36,97,16,option3,0
2024-01-20 23:15:35,2024-01-21 18:00:12,24,18,option3,0
2024-01-20 23:15:36,2024-01-21 21:00:05,62,21,option2,0
2024-01-20 23:15:36,2024-01-22 09:00:00,82,9,option3,1
2024-01-20 23:15:36,2024-01-21 23:00:20,64,23,option2,0
2024-01-20 23:15:37,2024-01-22 14:00:40,34,14,option3,1
2024-01-20 23:15:38,2024-01-21 10:00:46,37,10,option3,1
2024-01-20 23:15:38,2024-01-21 17:00:11,117,17,option3,1
2024-01-20 23:15:39,2024-01-21 17:00:54,26,17,option2,0
2024-01-20 23:15:39,2024-01-22 07:00:29,60,7,option1,0
2024-01-20 23:15:40,2024-01-22 06:00:51,107,6,option3,0
2024-01-20 23:15:40,2024-01-22 05:00:03,16,5,option2,0
2024-01-20 23:15:41,2024-01-22 03:00:08,72,3,option3,1
2024-01-20 23:15:41,2024-01-21 11:00:14,17,11,option1,0
2024-01-20 23:15:42,2024-01-21 20:00:58,26,20,option1,0
2024-01-20 23:15:42,2024-01-21 18:00:10,44,18,option3,0
2024-01-20 23:15:43,2024-01-21 16:00:39,117,16,option3,1
2024-01-20 23:15:43,2024-01-22 02:00:14,54,2,option3,1
2024-01-20 23:15:44,2024-01-21 19:00:05,105,19,option3,1
2024-01-20 23:15:44,2024-01-22 12:00:47,53,12,option3,1
2024-01-20 23:15:45,2024-01-22 07:00:23,47,7,option3,1
2024-01-20 23:15:45,2024-01-22 09:00:03,60,9,option1,0
2024-01-20 23:15:45,2024-01-21 10:00:04,46,10,option3,1
2024-01-20 23:15:46,2024-01-22 04:00:31,42,4,option3,1
2024-01-20 23:15:46,2024-01-22 15:00:16,29,15,option1,0
2024-01-20 23:15:47,2024-01-21 16:00:40,107,16,option3,1
2024-01-20 23:15:47,2024-01-21 09:00:15,106,9,option3,0
2024-01-20 23:15:48,2024-01-22 21:00:05,47,21,option3,1
2024-01-20 23:15:48,2024-01-21 07:00:12,100,7,option3,1
2024-01-20 23:15:49,2024-01-21 13:00:26,55,13,option2,0
2024-01-20 23:15:49,2024-01-21 20:00:27,38,20,option3,1
2024-01-20 23:15:50,2024-01-22 04:00:27,26,4,option3,1
2024-01-20 23:15:50,2024-01-21 01:00:35,7,1,option1,0
2024-01-20 23:15:51,2024-01-21 19:00:18,44,19,option1,0
2024-01-20 23:15:51,2024-01-21 04:00:20,22,4,option1,1
2024-01-20 23:15:51,2024-01-22 11:00:29,64,11,option2,0
2024-01-20 23:15:52,2024-01-21 23:00:18,98,23,option2,0
2024-01-20 23:15:52,2024-01-21 11:00:18,105,11,option1,0
2024-01-20 23:15:53,2024-01-22 16:00:54,27,16,option3,1
2024-01-20 23:15:53,2024-01-21 13:00:23,7,13,option1,1
2024-01-20 23:15:54,2024-01-22 08:00:43,17,8,option2,1
2024-01-20 23:15:55,2024-01-21 15:00:08,93,15,option3,1
2024-01-20 23:15:55,2024-01-21 18:00:51,112,18,option3,1
2024-01-20 23:15:56,2024-01-22 04:00:01,34,4,option2,0
2024-01-20 23:15:57,2024-01-21 02:00:55,37,2,option3,1
2024-01-20 23:15:57,2024-01-21 17:00:13,117,17,option3,1
2024-01-20 23:15:58,2024-01-22 17:00:26,13,17,option2,1
2024-01-20 23:15:58,2024-01-21 21:00:58,76,21,option3,1
2024-01-20 23:15:59,2024-01-21 16:00:42,117,16,option2,0
2024-01-20 23:15:59,2024-01-21 14:00:21,68,14,option3,1
2024-01-20 23:16:00,2024-01-22 02:00:59,73,2,option3,1
2024-01-20 23:16:00,2024-01-22 19:00:56,98,19,option3,1
2024-01-20 23:16:01,2024-01-22 10:00:12,66,10,option2,0
2024-01-20 23:16:02,2024-01-21 18:00:05,83,18,option1,0
2024-01-20 23:16:02,2024-01-22 17:00:52,43,17,option3,1
2024-01-20 23:16:03,2024-01-21 07:00:43,39,7,option3,1
2024-01-20 23:16:03,2024-01-22 01:00:15,104,1,option3,1
2024-01-20 23:16:04,2024-01-22 10:00:40,94,10,option2,0
2024-01-20 23:16:04,2024-01-22 10:00:27,44,10,option3,1
2024-01-20 23:16:05,2024-01-22 20:00:57,13,20,option2,1
2024-01-20 23:16:05,2024-01-21 13:00:13,66,13,option3,1
2024-01-20 23:16:06,2024-01-22 07:00:12,46,7,option3,1
2024-01-20 23:16:06,2024-01-22 00:00:32,27,0,option3,1
2024-01-20 23:16:07,2024-01-21 19:00:06,110,19,option3,1
2024-01-20 23:16:07,2024-01-21 22:00:37,47,22,option3,1
2024-01-20 23:16:08,2024-01-22 11:00:23,77,11,option3,1
2024-01-20 23:16:09,2024-01-21 17:00:36,14,17,option2,1
2024-01-20 23:16:09,2024-01-21 23:00:33,13,23,option1,1
2024-01-20 23:16:10,2024-01-21 19:00:51,70,19,option3,1
2024-01-20 23:16:10,2024-01-22 04:00:51,58,4,option1,0
2024-01-20 23:16:11,2024-01-21 17:00:14,18,17,option1,0
2024-01-20 23:16:11,2024-01-22 09:00:14,40,9,option3,1
2024-01-20 23:16:12,2024-01-21 19:00:48,66,19,option1,0
2024-01-20 23:16:12,2024-01-21 18:00:43,95,18,option3,1
2024-01-20 23:16:13,2024-01-22 10:00:50,93,10,option2,0
2024-01-20 23:16:13,2024-01-22 03:00:02,0,3,option2,0
2024-01-20 23:16:14,2024-01-21 22:00:17,58,22,option3,1
2024-01-20 23:16:14,2024-01-21 20:00:13,0,20,option2,0
2024-01-20 23:16:15,2024-01-21 08:00:57,18,8,option2,1
2024-01-20 23:16:15,2024-01-21 06:00:22,89,6,option3,0
2024-01-20 23:16:16,2024-01-21 20:00:55,73,20,option3,1
2024-01-20 23:16:16,2024-01-22 10:00:21,63,10,option3,0
2024-01-20 23:16:17,2024-01-22 14:00:53,70,14,option2,0
2024-01-20 23:16:17,2024-01-21 18:00:18,43,18,option3,1
2024-01-20 23:16:18,2024-01-22 13:00:03,68,13,option2,0
2024-01-20 23:16:19,2024-01-21 17:00:57,90,17,option1,0
2024-01-20 23:16:19,2024-01-21 12:00:24,15,12,option1,0
2024-01-20 23:16:20,2024-01-21 15:00:37,76,15,option2,0
2024-01-20 23:16:20,2024-01-22 01:00:06,0,1,option1,0
2024-01-20 23:16:21,2024-01-21 15:00:13,86,15,option3,1
2024-01-20 23:16:21,2024-01-22 01:00:07,35,1,option3,1
2024-01-20 23:16:22,2024-01-22 19:00:47,54,19,option1,0
2024-01-20 23:16:22,2024-01-21 23:00:23,9,23,option1,0
2024-01-20 23:16:23,2024-01-21 10:00:46,26,10,option3,1
2024-01-20 23:16:23,2024-01-21 10:00:38,101,10,option2,0
2024-01-20 23:16:24,2024-01-22 04:00:02,48,4,option3,0
2024-01-20 23:16:24,2024-01-21 14:00:04,108,14,option3,0
2024-01-20 23:16:24,2024-01-21 05:00:23,107,5,option3,1
2024-01-20 23:16:25,2024-01-21 17:00:05,53,17,option3,1
2024-01-20 23:16:26,2024-01-21 18:00:38,20,18,option3,0
2024-01-20 23:16:26,2024-01-21 11:00:59,53,11,option1,0
2024-01-20 23:16:27,2024-01-22 08:00:22,19,8,option1,0
2024-01-20 23:16:27,2024-01-21 03:00:13,98,3,option2,1
2024-01-20 23:16:28,2024-01-21 12:00:58,35,12,option3,1
2024-01-20 23:16:28,2024-01-21 05:00:05,1,5,option2,0
2024-01-20 23:16:29,2024-01-22 06:00:40,6,6,option1,1
2024-01-20 23:16:29,2024-01-21 12:00:43,35,12,option3,1
2024-01-20 23:16:30,2024-01-21 14:00:14,94,14,option3,1
2024-01-20 23:16:30,2024-01-22 03:00:17,91,3,option2,0
2024-01-20 23:16:31,2024-01-21 15:00:09,12,15,option1,1
2024-01-20 23:16:31,2024-01-21 20:00:11,60,20,option3,1
2024-01-20 23:16:32,2024-01-22 09:00:51,15,9,option1,0
2024-01-20 23:16:32,2024-01-21 14:00:09,63,14,option3,1
2024-01-20 23:16:32,2024-01-22 12:00:36,39,12,option2,0
2024-01-20 23:16:33,2024-01-21 20:00:45,59,20,option3,1
2024-01-20 23:16:33,2024-01-21 11:00:09,25,11,option3,0
2024-01-20 23:16:34,2024-01-22 07:00:00,13,7,option1,0
2024-01-20 23:16:35,2024-01-22 01:00:27,100,1,option3,1
2024-01-20 23:16:35,2024-01-21 05:00:46,50,5,option3,1
2024-01-20 23:16:36,2024-01-22 03:00:37,26,3,option1,0
2024-01-20 23:16:36,2024-01-21 15:00:20,21,15,option2,1
2024-01-20 23:16:37,2024-01-21 10:00:32,1,10,option2,0
2024-01-20 23:16:37,2024-01-22 06:00:34,115,6,option3,1
2024-01-20 23:16:38,2024-01-21 19:00:05,23,19,option2,0
2024-01-20 23:16:38,2024-01-21 16:00:05,42,16,option3,1
2024-01-20 23:16:39,2024-01-21 20:00:37,55,20,option3,1
2024-01-20 23:16:39,2024-01-22 01:00:18,12,1,option3,0
2024-01-20 23:16:40,2024-01-22 02:00:16,40,2,option3,1
2024-01-20 23:16:41,2024-01-21 17:00:55,62,17,option3,1
2024-01-20 23:16:41,2024-01-21 23:00:19,21,23,option3,1
2024-01-20 23:16:42,2024-01-21 19:00:11,63,19,option3,1
2024-01-20 23:16:42,2024-01-22 04:00:09,107,4,option3,1
2024-01-20 23:16:43,2024-01-21 21:00:12,28,21,option1,0
2024-01-20 23:16:43,2024-01-21 23:00:50,109,23,option1,0
2024-01-20 23:16:44,2024-01-21 07:00:54,74,7,option2,0
2024-01-20 23:16:44,2024-01-22 04:00:30,88,4,option3,0
2024-01-20 23:16:45,2024-01-22 11:00:33,14,11,option1,0
2024-01-20 23:16:46,2024-01-21 17:00:50,29,17,option3,1
2024-01-20 23:16:46,2024-01-21 19:00:18,59,19,option3,1
2024-01-20 23:16:47,2024-01-21 10:00:32,48,10,option1,0
2024-01-20 23:16:47,2024-01-22 08:00:09,60,8,option2,0
2024-01-20 23:16:48,2024-01-21 05:00:00,18,5,option3,0
2024-01-20 23:16:48,2024-01-21 23:00:59,81,23,option1,0
2024-01-20 23:16:49,2024-01-22 13:00:41,93,13,option2,0
2024-01-20 23:16:49,2024-01-21 09:00:36,40,9,option3,1
2024-01-20 23:16:50,2024-01-21 18:00:18,18,18,option1,0
2024-01-20 23:16:50,2024-01-21 20:00:09,83,20,option3,0
2024-01-20 23:16:51,2024-01-22 10:00:12,73,10,option3,0
2024-01-20 23:16:51,2024-01-22 05:00:36,44,5,option3,1
2024-01-20 23:16:52,2024-01-21 17:00:14,5,17,option1,1
2024-01-20 23:16:52,2024-01-21 21:00:08,55,21,option3,1
2024-01-20 23:16:53,2024-01-22 14:00:03,39,14,option3,1
2024-01-20 23:16:53,2024-01-22 06:00:12,62,6,option3,1
2024-01-20 23:16:54,2024-01-22 10:00:56,28,10,option3,1
2024-01-20 23:16:54,2024-01-22 04:00:49,82,4,option2,0
2024-01-20 23:16:55,2024-01-22 13:00:43,4,13,option1,1
2024-01-20 23:16:56,2024-01-21 17:00:07,108,17,option3,1
2024-01-20 23:16:56,2024-01-22 12:00:54,91,12,option3,1
2024-01-20 23:16:56,2024-01-21 08:00:24,19,8,option1,0
2024-01-20 23:16:57,2024-01-21 17:00:16,19,17,option2,1
2024-01-20 23:16:58,2024-01-21 12:00:48,63,12,option2,0
2024-01-20 23:16:58,2024-01-21 03:00:57,48,3,option2,0
2024-01-20 23:16:59,2024-01-21 17:00:16,15,17,option1,0
2024-01-20 23:17:00,2024-01-22 21:00:09,11,21,option2,0
2024-01-20 23:17:01,2024-01-22 11:00:42,85,11,option2,0
2024-01-20 23:17:01,2024-01-22 06:00:24,105,6,option3,1
2024-01-20 23:17:02,2024-01-21 23:00:25,5,23,option1,1
2024-01-20 23:17:02,2024-01-21 11:00:35,68,11,option3,0
2024-01-20 23:17:03,2024-01-21 14:00:36,47,14,option3,1
2024-01-20 23:17:03,2024-01-22 15:00:10,47,15,option2,0
2024-01-20 23:17:04,2024-01-22 14:00:19,75,14,option3,0
2024-01-20 23:17:04,2024-01-22 03:00:33,38,3,option1,0
2024-01-20 23:17:05,2024-01-22 20:00:01,9,20,option2,0
2024-01-20 23:17:05,2024-01-22 19:00:22,54,19,option3,1
2024-01-20 23:17:06,2024-01-21 04:00:24,5,4,option1,1
2024-01-20 23:17:07,2024-01-22 02:00:16,88,2,option3,1
2024-01-20 23:17:07,2024-01-22 00:00:49,56,0,option3,1
2024-01-20 23:17:08,2024-01-21 19:00:22,113,19,option3,1
2024-01-20 23:17:09,2024-01-21 16:00:38,18,16,option2,1
2024-01-20 23:17:09,2024-01-21 16:00:38,28,16,option2,1
2024-01-20 23:17:10,2024-01-22 00:00:14,96,0,option2,0
2024-01-20 23:17:10,2024-01-22 13:00:14,117,13,option2,0
2024-01-20 23:17:11,2024-01-22 04:00:17,102,4,option2,0
2024-01-20 23:17:11,2024-01-22 11:00:11,22,11,option2,1
2024-01-20 23:17:12,2024-01-22 03:00:17,33,3,option3,1
2024-01-20 23:17:12,2024-01-22 17:00:11,82,17,option3,1
2024-01-20 23:17:13,2024-01-21 12:00:48,52,12,option1,0
2024-01-20 23:17:13,2024-01-22 07:00:09,4,7,option3,0
2024-01-20 23:17:14,2024-01-22 03:00:11,106,3,option3,1
2024-01-20 23:17:15,2024-01-22 15:00:33,7,15,option3,0
2024-01-20 23:17:15,2024-01-22 01:00:10,49,1,option2,0
2024-01-20 23:17:16,2024-01-22 06:00:27,63,6,option1,0
2024-01-20 23:17:16,2024-01-21 10:00:39,80,10,option2,0
2024-01-20 23:17:17,2024-01-21 15:00:37,27,15,option3,1
2024-01-20 23:17:17,2024-01-22 03:00:43,115,3,option2,0
2024-01-20 23:17:18,2024-01-22 00:00:53,119,0,option1,0
2024-01-20 23:17:18,2024-01-21 19:00:17,8,19,option2,0
2024-01-20 23:17:19,2024-01-21 19:00:56,7,19,option2,0
2024-01-20 23:17:19,2024-01-21 10:00:19,77,10,option1,0
2024-01-20 23:17:20,2024-01-22 02:00:41,14,2,option2,0
2024-01-20 23:17:20,2024-01-21 06:00:32,22,6,option1,1
2024-01-20 23:17:21,2024-01-22 00:00:55,76,0,option3,1
2024-01-20 23:17:21,2024-01-22 04:00:50,105,4,option3,1
2024-01-20 23:17:22,2024-01-22 17:00:07,81,17,option3,0
2024-01-20 23:17:22,2024-01-21 16:00:54,82,16,option2,0
2024-01-20 23:17:23,2024-01-21 21:00:43,38,21,option1,0
2024-01-20 23:17:23,2024-01-22 10:00:53,86,10,option3,1
2024-01-20 23:17:24,2024-01-21 16:00:39,4,16,option1,0
2024-01-20 23:17:24,2024-01-22 00:00:40,86,0,option2,0
2024-01-20 23:17:25,2024-01-21 18:00:16,84,18,option3,0
2024-01-20 23:17:25,2024-01-21 22:00:53,43,22,option3,1
2024-01-20 23:17:26,2024-01-22 02:00:40,11,2,option2,0
2024-01-20 23:17:26,2024-01-22 14:00:11,45,14,option3,1
2024-01-20 23:17:27,2024-01-21 21:00:27,114,21,option3,1
2024-01-20 23:17:27,2024-01-22 06:00:58,40,6,option1,0
2024-01-20 23:17:28,2024-01-21 23:00:47,6,23,option1,0
2024-01-20 23:17:29,2024-01-22 14:00:50,67,14,option3,1
2024-01-20 23:17:29,2024-01-21 18:00:40,9,18,option1,0
2024-01-20 23:17:30,2024-01-22 02:00:41,88,2,option1,0
2024-01-20 23:17:30,2024-01-22 09:00:57,107,9,option3,1
2024-01-20 23:17:31,2024-01-22 02:00:45,102,2,option2,0
2024-01-20 23:17:31,2024-01-22 15:00:01,95,15,option2,0
2024-01-20 23:17:32,2024-01-21 07:00:28,28,7,option3,1
2024-01-20 23:17:32,2024-01-21 23:00:28,27,23,option3,1
2024-01-20 23:17:33,2024-01-21 08:00:34,77,8,option3,0
2024-01-20 23:17:33,2024-01-22 11:00:20,71,11,option3,1
2024-01-20 23:17:34,2024-01-21 07:00:58,74,7,option3,1
2024-01-20 23:17:34,2024-01-21 12:00:08,54,12,option3,1
2024-01-20 23:17:35,2024-01-21 11:00:48,3,11,option2,0
2024-01-20 23:17:35,2024-01-21 06:00:38,19,6,option1,1
2024-01-20 23:17:36,2024-01-22 10:00:17,99,10,option3,0
2024-01-20 23:17:36,2024-01-22 03:00:25,89,3,option3,1
2024-01-20 23:17:37,2024-01-22 14:00:15,117,14,option3,1
2024-01-20 23:17:37,2024-01-22 01:00:14,64,1,option3,1
2024-01-20 23:17:38,2024-01-21 06:00:14,16,6,option1,1
2024-01-20 23:17:38,2024-01-21 04:00:30,117,4,option3,1
2024-01-20 23:17:39,2024-01-22 10:00:26,31,10,option3,1
2024-01-20 23:17:39,2024-01-21 15:00:23,0,15,option1,1
2024-01-20 23:17:39,2024-01-22 11:00:48,49,11,option1,0
2024-01-20 23:17:40,2024-01-21 23:00:36,62,23,option1,0
2024-01-20 23:17:40,2024-01-21 19:00:18,10,19,option1,1
2024-01-20 23:17:41,2024-01-22 07:00:46,16,7,option1,0
2024-01-20 23:17:42,2024-01-21 22:00:33,50,22,option1,0
2024-01-20 23:17:42,2024-01-21 15:00:43,38,15,option3,0
2024-01-20 23:17:43,2024-01-22 02:00:01,55,2,option2,0
2024-01-20 23:17:43,2024-01-22 05:00:36,95,5,option3,1
2024-01-20 23:17:44,2024-01-21 20:00:31,23,20,option2,1
2024-01-20 23:17:44,2024-01-22 01:00:47,23,1,option1,1
2024-01-20 23:17:45,2024-01-22 05:00:18,0,5,option1,1
2024-01-20 23:17:45,2024-01-21 03:00:38,55,3,option3,1
2024-01-20 23:17:46,2024-01-21 11:00:03,111,11,option2,0
2024-01-20 23:17:46,2024-01-22 13:00:33,94,13,option1,0
2024-01-20 23:17:47,2024-01-21 14:00:02,20,14,option2,1
2024-01-20 23:17:47,2024-01-22 04:00:25,20,4,option1,1
2024-01-20 23:17:48,2024-01-22 06:00:56,44,6,option3,1
